#Datetime;Latitude;Longitude;Altitude;HDOP;Inside temp.;Outside temp;Outside humidity;Pressure;acceleration_x;acceleration_y;acceleration_z;rotation_x;rotation_y;rotation_z;speed
11:53:14.0;47.78888;3.59171;105.9;0.95;32.7;45.4;10;1009.2;-0.35;0.88;9.39;-0.02;0.02;0.00;0.2
11:53:46.10;47.78888;3.59171;108.0;0.89;32.7;46.7;10;1009.1;-0.36;0.89;9.43;-0.02;0.02;0.00;0.1
11:54:21.80;47.78889;3.59171;110.9;0.89;33.2;47.7;9;1009.1;-0.36;0.89;9.45;-0.02;0.02;0.00;0.1
11:54:53.90;47.78890;3.59172;108.9;0.89;33.3;47.8;8;1009.1;-0.36;0.90;9.40;-0.02;0.02;0.00;0.1
11:55:29.70;47.78889;3.59168;108.9;0.89;33.1;47.3;8;1009.1;-0.37;0.90;9.41;-0.02;0.02;0.00;0.1
11:56:01.80;47.78887;3.59169;106.3;0.95;32.9;47.1;8;1009.1;-0.35;0.90;9.43;-0.02;0.02;0.00;0.0
11:56:44.60;47.78888;3.59171;106.3;0.95;33.1;47.1;8;1009.2;-0.34;0.88;9.43;-0.02;0.02;0.00;0.0
11:57:20.30;47.78886;3.59171;103.7;0.88;33.6;47.4;9;1009.2;-0.35;0.88;9.42;-0.02;0.02;0.00;0.0
11:57:52.40;47.78886;3.59173;104.2;0.88;34.3;48.7;8;1009.2;-0.34;0.90;9.41;-0.02;0.02;0.00;0.0
11:58:28.10;47.78889;3.59174;104.9;0.94;34.8;47.1;10;1009.2;-0.35;0.89;9.39;-0.02;0.02;0.00;0.1
11:58:28.10;47.78889;3.59174;104.9;0.94;34.7;42.2;13;1009.1;1.71;2.90;8.70;0.29;0.26;-0.15;0.1
11:59:36.0;47.78889;3.59174;104.9;99.99;34.1;40.1;11;1009.3;-0.94;-0.78;7.36;-0.21;0.09;-0.06;0.1
12:00:08.10;47.78869;3.59238;103.6;0.88;34.8;38.5;13;1009.3;-0.46;0.57;9.42;-0.02;0.02;0.00;5.1
12:00:43.80;47.78867;3.59243;104.6;0.88;35.2;36.8;14;1009.3;-0.45;0.60;9.40;-0.02;0.02;0.00;0.1
12:01:26.40;47.78867;3.59243;103.8;0.88;34.2;36.2;14;1009.2;-2.95;0.37;6.22;-0.12;0.17;0.33;0.1
12:01:58.60;47.78875;3.59242;103.8;0.88;34.3;35.1;15;1009.4;-0.36;0.82;9.38;-0.02;0.02;0.00;2.5
12:02:34.30;47.78875;3.59241;111.9;1.00;34.0;34.4;16;1009.3;-0.34;0.82;9.39;-0.02;0.02;0.00;0.2
12:03:06.40;47.78864;3.59248;128.7;1.00;34.3;34.3;17;1009.3;-0.35;0.83;9.41;-0.02;0.02;0.00;0.3
12:03:42.10;47.78866;3.59247;131.0;1.03;33.5;33.9;18;1009.3;-0.34;0.82;9.44;-0.02;0.02;0.00;0.3
12:04:17.90;47.78868;3.59245;129.2;1.30;33.4;34.0;17;1009.3;-0.35;0.81;9.41;-0.02;0.02;0.00;0.1
12:04:50.0;47.78874;3.59240;119.7;0.88;33.5;33.2;18;1009.3;-0.35;0.82;9.41;-0.02;0.02;0.00;0.3
12:05:25.80;47.78877;3.59239;119.7;0.88;33.5;33.4;17;1009.3;-0.34;0.81;9.40;-0.02;0.02;0.00;0.1
12:05:57.90;47.78878;3.59239;112.0;1.06;33.3;33.9;18;1009.2;-0.34;0.79;9.41;-0.02;0.02;0.00;0.3
12:05:57.90;47.78878;3.59239;112.0;1.06;33.0;34.0;17;1009.2;-0.35;0.81;9.41;-0.02;0.02;0.00;0.3
12:07:12.80;47.78881;3.59239;112.4;0.99;33.1;33.8;18;1009.2;-1.03;0.95;9.57;-0.03;-0.00;0.01;0.1
12:07:12.80;47.78881;3.59239;112.4;0.99;33.4;32.9;17;1009.0;0.07;9.51;-0.97;-0.04;-0.03;0.01;0.1
12:08:20.70;47.78873;3.59246;112.4;0.99;33.4;33.0;19;1009.3;-0.05;0.91;9.45;-0.02;0.02;0.00;0.3
12:08:52.80;47.78870;3.59244;128.5;1.04;32.7;33.0;17;1009.3;-0.11;1.28;9.40;-0.02;0.02;0.00;0.3
12:09:28.50;47.78875;3.59241;122.0;1.28;32.1;33.0;17;1009.3;-0.11;2.16;9.24;-0.02;0.02;0.00;0.1
12:09:28.50;47.78875;3.59241;122.0;1.28;31.8;33.0;18;1009.3;0.01;4.12;8.55;-0.02;0.02;0.00;0.1
12:10:36.40;47.78875;3.59246;123.4;1.22;31.9;32.8;20;1009.3;0.05;4.16;8.52;-0.02;0.02;0.00;0.1
12:11:08.50;47.78873;3.59245;128.6;1.18;32.1;32.7;18;1009.3;-0.92;3.25;7.89;-0.88;-0.12;-0.03;0.2
12:11:51.20;47.78873;3.59243;134.8;1.07;31.9;32.7;21;1009.4;0.45;0.70;9.46;-0.02;0.03;0.00;0.1
12:12:27.0;47.78879;3.59246;137.2;0.94;31.7;32.7;19;1009.3;0.42;0.76;9.46;-0.02;0.02;0.00;0.1
12:13:34.80;47.78886;3.59239;134.4;1.01;31.9;33.3;18;1009.4;0.42;0.73;9.43;-0.02;0.02;0.00;0.1
12:13:34.80;47.78886;3.59239;124.8;1.07;31.6;33.3;17;1009.4;0.42;0.76;9.48;-0.02;0.02;0.00;0.1
12:14:10.60;47.78879;3.59247;136.1;1.20;31.3;33.5;18;1009.3;0.42;0.75;9.48;-0.02;0.02;0.00;0.3
12:14:42.70;47.78877;3.59243;132.2;1.14;31.6;34.0;19;1009.3;0.42;0.73;9.48;-0.02;0.02;0.00;0.1
12:14:42.70;47.78877;3.59243;132.2;1.14;31.5;33.7;17;1009.4;0.40;0.74;9.47;-0.02;0.02;0.00;0.1
12:16:22.70;47.78872;3.59247;137.9;1.20;31.1;33.0;18;1009.4;0.33;0.73;9.49;-0.02;0.02;0.00;0.2
12:16:22.70;47.78872;3.59247;130.9;1.24;31.3;33.0;18;1009.4;-0.13;0.31;9.52;-0.02;0.02;0.00;0.2
12:16:58.50;47.78875;3.59244;126.8;1.11;31.6;33.2;18;1009.2;-5.70;2.26;6.16;0.06;-0.91;-0.36;0.1
12:17:30.60;47.78868;3.59248;138.3;1.17;31.9;34.5;16;1009.2;0.00;0.69;9.39;-0.02;0.01;0.00;0.4
12:18:02.80;47.78872;3.59254;123.1;1.17;32.2;36.8;14;1009.3;0.37;0.32;9.52;-0.02;0.02;0.00;0.3
12:18:38.50;47.78866;3.59258;140.7;0.97;32.4;39.2;12;1009.3;0.29;0.06;9.47;-0.02;0.02;0.00;0.5
12:19:14.30;47.78872;3.59250;129.2;0.83;32.6;41.1;10;1009.3;0.32;0.07;9.53;-0.02;0.02;0.00;0.3
12:19:46.40;47.78876;3.59250;118.6;1.22;32.8;41.6;10;1009.3;0.32;0.07;9.47;-0.02;0.02;0.00;0.1
12:20:22.20;47.78871;3.59250;131.2;1.16;33.1;40.7;10;1009.4;0.32;0.08;9.49;-0.02;0.02;0.00;0.1
12:20:54.30;47.78873;3.59249;126.7;1.02;33.4;41.2;10;1009.3;0.36;0.07;9.48;-0.02;0.02;0.00;0.1
12:22:09.20;47.78875;3.59248;128.2;1.27;33.6;44.0;9;1009.3;0.32;0.07;9.49;-0.02;0.02;0.00;0.0
12:22:09.20;47.78875;3.59248;128.2;1.27;33.9;45.3;9;1009.0;-1.99;-0.23;10.25;-0.02;0.08;0.25;0.0
12:22:45.0;47.78877;3.59251;123.6;0.83;34.2;44.0;9;1007.3;-0.17;-1.17;9.54;0.33;-0.29;-1.03;2.5
12:23:17.10;47.78875;3.59265;127.7;0.83;34.5;35.8;13;994.8;-0.49;0.09;9.44;0.15;-0.11;0.27;12.1
12:23:49.30;47.78836;3.59297;127.7;0.83;34.8;31.3;17;979.2;-0.05;-0.80;9.47;0.37;0.45;-0.26;5.6
12:24:25.0;47.78745;3.59285;371.3;0.83;35.0;29.8;19;969.6;-0.32;0.47;9.60;-0.02;0.10;-1.20;11.4
12:24:57.20;47.78612;3.59284;371.3;0.83;35.3;28.1;20;958.0;-0.73;-0.65;10.35;-0.16;-0.05;-1.19;18.8
12:26:05.0;47.78409;3.59251;620.7;0.90;35.5;27.5;21;951.6;-0.56;-0.08;9.57;-0.16;0.05;1.26;14.6
12:26:05.0;47.78409;3.59251;620.7;0.90;35.8;26.2;22;943.0;-1.05;-0.46;8.41;-0.12;0.32;-2.06;14.6
12:26:40.80;47.78314;3.59207;700.0;0.90;35.9;25.7;23;930.9;-0.75;0.27;8.87;0.03;0.14;-1.13;10.8
12:27:12.90;47.78252;3.59165;811.3;0.90;36.1;24.5;24;914.6;0.07;-0.56;9.23;0.35;0.18;0.61;8.8
12:28:20.80;47.78124;3.59080;965.8;0.90;36.3;22.9;27;896.4;-0.46;-0.82;10.42;0.12;-0.06;0.51;11.4
12:28:20.80;47.78124;3.59080;1136.3;0.90;36.4;21.8;26;879.4;-0.03;-0.29;8.26;-0.35;0.01;1.36;11.4
12:28:56.60;47.78048;3.58992;1300.0;0.89;36.5;20.6;24;863.3;-0.38;0.00;9.66;0.13;0.10;-0.42;15.1
12:29:28.80;47.77961;3.58949;1456.9;0.89;36.5;20.4;18;845.6;-0.19;0.05;9.16;-0.23;0.21;-0.57;14.9
12:30:00.90;47.77860;3.58995;1632.6;0.89;36.6;19.1;20;827.0;-0.12;-0.24;9.48;-0.01;0.02;-0.38;11.5
12:30:36.70;47.77742;3.59086;1632.6;0.89;36.7;17.8;16;798.4;-0.21;-0.37;9.63;-0.18;-0.10;0.09;18.3
12:31:34.60;47.77549;3.59212;2115.8;0.89;36.7;16.9;11;783.0;-0.46;-0.41;9.90;0.21;-0.14;-0.36;15.7
12:31:34.60;47.77549;3.59212;2115.8;0.89;36.7;16.2;25;766.8;-0.23;0.36;9.39;-0.12;-0.08;0.31;15.7
12:33:14.60;47.77328;3.60124;2620.2;0.89;36.6;14.9;25;751.6;-0.56;-0.22;9.09;-0.09;0.23;0.67;30.0
12:33:14.60;47.77328;3.60124;2620.2;0.89;36.7;14.7;22;734.9;-0.58;-0.69;9.84;0.11;-0.13;-0.56;30.0
12:34:22.50;47.77161;3.60949;2983.7;0.89;36.6;13.6;13;719.4;-0.04;0.20;9.34;-0.07;-0.12;0.77;28.9
12:34:22.60;47.77161;3.60950;2983.7;0.89;36.5;13.1;8;703.1;-0.62;-0.02;9.84;-0.03;-0.08;-0.23;25.7
12:34:58.30;47.76937;3.61342;3172.0;0.89;36.5;11.8;11;688.9;0.17;-0.26;9.63;0.02;0.13;-0.89;42.2
12:35:30.50;47.76702;3.61733;3340.1;0.91;36.4;10.9;10;674.5;-0.45;0.26;9.12;-0.05;0.11;0.63;48.6
12:36:02.60;47.76468;3.62154;3511.7;0.91;36.2;9.1;6;650.3;-0.15;0.04;9.23;-0.14;0.02;0.15;50.5
12:36:02.60;47.76468;3.62154;3511.7;0.91;36.1;8.8;11;635.6;-0.17;0.15;9.54;0.14;-0.05;-0.28;50.5
12:37:36.30;47.75686;3.63333;3995.1;0.91;36.1;7.4;15;622.2;-0.59;0.04;9.15;0.27;0.03;-0.86;58.4
12:38:08.50;47.75340;3.63869;4167.2;0.91;35.9;6.1;15;607.9;-0.45;-0.17;9.69;0.02;-0.02;-0.12;73.0
12:38:44.20;47.74857;3.64597;4354.0;0.91;35.8;5.9;14;593.1;-0.23;-0.09;9.45;-0.09;0.11;0.92;73.0
12:39:20.0;47.74364;3.65268;4551.1;1.09;35.7;3.9;13;580.3;-0.27;-0.22;9.23;0.02;0.08;0.28;73.1
12:40:27.90;47.73329;3.66497;4927.4;1.09;35.5;1.8;14;565.1;-0.28;0.25;9.92;-0.17;-0.03;0.95;73.1
12:40:28.0;47.73327;3.66499;4928.0;1.09;35.3;-0.1;15;541.3;-0.49;-0.03;9.32;0.07;0.01;0.05;85.0
12:41:25.90;47.72335;3.67575;5265.4;1.09;35.1;-1.0;16;529.2;-0.30;-0.47;9.57;0.13;-0.06;0.24;86.1
12:41:58.10;47.71869;3.68207;5442.7;1.08;34.9;-2.3;12;515.5;-0.44;-0.57;9.81;-0.02;0.22;0.25;81.0
12:42:33.80;47.71470;3.68975;5646.3;1.08;34.7;-3.4;10;503.7;0.13;0.11;9.55;0.17;0.06;-1.01;81.0
12:43:06.0;47.71216;3.69664;5826.6;1.08;34.5;-4.9;9;490.2;-0.09;0.34;9.72;-0.09;0.03;0.07;67.5
12:43:41.80;47.70918;3.70439;5826.6;1.08;34.2;-6.9;8;478.0;-0.42;-0.01;9.86;-0.24;0.21;0.76;66.5
12:44:17.50;47.70614;3.71161;6227.1;1.08;34.0;-8.3;8;467.6;-0.58;0.00;9.49;-0.18;-0.10;1.16;61.8
12:44:49.70;47.70323;3.71821;6396.4;1.07;33.7;-10.2;9;456.4;-0.57;-0.56;8.64;0.12;-0.24;1.33;62.0
12:45:25.40;47.70021;3.72586;6581.1;1.07;33.5;-10.4;11;446.0;-0.52;0.05;10.03;-0.03;0.07;0.35;62.0
12:45:57.60;47.69769;3.73218;6752.6;1.07;33.0;-12.5;13;428.7;0.15;-0.36;9.92;-0.02;-0.07;-0.74;56.7
12:46:55.60;47.69220;3.74341;7048.6;1.07;32.8;-13.8;14;418.2;0.09;0.04;9.72;-0.12;0.27;0.49;65.8
12:47:27.70;47.68912;3.75030;7234.2;1.06;32.5;-15.3;14;407.8;0.23;0.21;10.19;0.13;0.19;-0.73;63.0
12:48:03.50;47.68541;3.75830;7420.1;1.06;32.2;-15.9;15;397.2;-0.45;-0.11;9.45;-0.07;-0.08;-0.63;67.0
12:48:39.30;47.68146;3.76653;7615.8;1.06;31.8;-18.2;16;386.0;-0.50;0.39;9.28;0.12;-0.07;0.68;87.8
12:48:39.30;47.68146;3.76653;7615.8;1.06;31.5;-19.8;15;376.5;-0.33;0.54;8.81;-0.20;0.13;0.22;87.8
12:49:47.20;47.67334;3.78155;8004.9;1.06;31.3;-20.5;14;367.7;-0.32;0.06;8.93;-0.17;0.07;-0.97;78.2
12:50:19.40;47.66982;3.78881;8178.0;1.06;30.9;-20.4;10;358.6;0.05;-0.03;9.68;-0.05;-0.10;-0.28;71.2
12:50:55.20;47.66662;3.79699;8178.0;1.06;30.3;-22.2;9;344.3;-0.39;0.01;9.67;-0.16;-0.06;0.09;71.9
12:51:53.10;47.66101;3.81065;8650.8;1.05;30.0;-23.2;8;335.2;0.11;-0.39;9.74;0.02;0.04;0.01;71.2
12:52:25.30;47.65828;3.81884;8837.5;0.86;29.6;-25.0;9;327.1;-0.20;-0.45;9.41;0.24;-0.04;0.06;71.2
12:53:01.10;47.65490;3.82738;9015.5;0.81;29.2;-26.9;10;317.6;-0.09;-0.16;8.69;0.03;0.11;0.55;68.9
12:53:36.90;47.65150;3.83643;9220.2;0.81;28.8;-28.3;10;310.0;-0.18;0.07;8.65;-0.01;0.14;-0.34;78.0
12:54:44.80;47.64426;3.85341;9390.0;0.81;28.4;-30.5;11;302.8;-0.85;-0.26;10.78;-0.11;-0.29;-0.36;83.5
12:54:44.80;47.64426;3.85341;9390.0;0.81;28.0;-31.3;11;294.1;-0.43;-0.28;9.83;0.15;-0.12;0.09;83.5
12:55:20.60;47.64020;3.86238;9756.0;0.81;27.6;-32.3;12;286.9;-0.17;-0.64;8.68;-0.15;0.11;1.12;73.0
12:55:52.80;47.63633;3.86981;9925.8;0.81;27.0;-35.3;13;274.1;-0.13;-0.73;9.89;-0.16;0.19;0.08;79.9
12:56:50.80;47.63006;3.88136;10233.8;0.81;26.6;-37.2;14;267.5;0.02;-0.28;9.52;0.07;0.12;0.64;73.2
12:57:58.70;47.62291;3.89516;10559.6;0.81;26.3;-37.0;14;261.2;-0.21;-0.21;9.79;-0.09;0.04;-1.22;62.7
12:57:58.70;47.62291;3.89516;10559.6;0.81;25.8;-38.5;15;253.2;-0.01;0.03;9.07;0.05;0.25;1.40;62.7
12:58:34.50;47.61924;3.90167;10768.3;0.81;25.5;-39.2;16;248.0;-0.19;-0.36;9.50;0.06;-0.07;1.50;62.7
12:59:06.70;47.61609;3.90740;10902.6;0.81;25.0;-40.0;16;241.0;0.04;0.10;10.40;-0.05;0.33;-1.33;65.9
12:59:42.50;47.61211;3.91439;11091.9;0.81;24.6;-41.8;15;234.2;-0.48;-0.26;9.29;0.52;0.35;-1.64;76.1
13:00:18.40;47.60795;3.92217;11281.0;0.81;24.1;-44.0;15;227.7;-0.71;-0.04;10.10;-0.15;0.09;1.31;77.6
13:00:50.60;47.60328;3.92940;11463.5;0.81;23.3;-47.6;16;218.0;-0.07;-0.08;10.05;0.02;0.10;-0.46;90.2
13:01:48.60;47.59318;3.94295;11745.1;0.81;22.9;-49.1;16;212.9;-0.28;0.00;10.31;0.12;-0.03;-0.10;95.4
13:02:20.80;47.58760;3.95001;11903.4;0.81;22.4;-48.1;16;206.8;-0.46;-0.29;9.78;0.09;-0.02;-1.16;86.5
13:02:56.70;47.58100;3.95676;12087.5;0.81;20.4;-49.4;14;182.4;0.11;-0.19;9.62;-0.05;0.03;0.83;80.2
13:06:34.40;47.55200;3.99965;13215.6;0.81;19.2;-51.1;12;169.7;0.02;-0.05;10.83;0.02;0.12;0.12;88.9
13:06:34.40;47.55200;3.99965;13215.6;0.81;18.7;-51.1;12;165.1;-0.39;-0.21;9.04;0.03;-0.03;-0.89;88.9
13:07:33.60;47.54598;4.01435;13215.6;0.81;18.3;-49.6;11;161.5;-0.50;-0.13;10.87;0.14;-0.10;-0.94;95.0
13:08:05.70;47.54340;4.02407;13648.1;0.81;17.8;-48.3;11;157.8;0.02;-0.02;9.57;0.17;0.03;0.07;78.9
13:08:41.40;47.54099;4.03368;13795.7;0.81;17.4;-47.3;10;153.7;-0.10;-0.24;9.23;-0.19;-0.11;0.27;69.0
13:09:17.20;47.53732;4.04199;13962.4;0.81;17.0;-46.3;10;150.5;-0.36;-0.20;10.82;0.32;-0.02;0.77;75.6
13:09:49.30;47.53368;4.04850;14093.6;0.81;16.5;-45.5;9;146.7;-0.27;-0.12;10.08;-0.05;-0.14;-0.55;67.1
13:10:25.0;47.53045;4.05550;14254.5;0.81;16.1;-44.8;9;143.5;-0.17;-0.26;9.15;-0.13;0.05;1.02;62.3
13:10:57.10;47.52776;4.06213;14399.9;0.81;15.5;-44.3;8;137.9;-0.22;-0.26;9.00;-0.00;-0.06;-0.29;62.3
13:11:55.10;47.52280;4.07706;14399.9;0.81;15.1;-43.0;8;135.0;-0.38;0.08;9.97;-0.07;-0.24;-0.58;82.6
13:12:27.20;47.51957;4.08571;14791.5;0.82;14.8;-41.8;7;131.8;-0.13;-0.34;9.31;-0.11;0.11;1.47;74.2
13:13:02.90;47.51643;4.09352;14941.1;0.82;14.4;-42.4;7;129.1;-0.11;-0.02;9.81;-0.04;0.12;0.29;66.4
13:13:38.60;47.51405;4.10086;15073.2;0.82;14.0;-39.6;7;126.3;-0.01;0.02;9.85;-0.17;0.06;0.13;66.6
13:14:14.30;47.51185;4.10914;15219.5;0.82;13.7;-38.1;6;123.5;-0.21;-0.03;9.65;0.18;-0.03;0.57;66.6
13:14:46.50;47.50979;4.11705;15360.4;0.82;13.4;-38.5;6;119.8;-0.18;0.21;9.59;-0.10;0.02;-0.44;74.6
13:15:22.20;47.50704;4.12602;15557.9;0.82;13.1;-39.2;6;117.0;-0.30;-0.08;9.72;-0.12;-0.01;1.10;80.4
13:15:54.30;47.50371;4.13306;15713.3;0.82;12.7;-41.6;6;111.5;-0.02;-0.05;9.92;-0.06;0.03;0.76;72.1
13:16:52.20;47.49919;4.14365;16023.9;0.82;12.4;-40.8;6;108.5;-0.46;-0.13;10.01;-0.18;-0.19;-0.91;57.7
13:17:24.40;47.49717;4.14928;16023.9;0.82;12.1;-41.5;6;105.8;-0.45;-0.10;10.77;0.05;-0.04;1.05;42.0
13:18:35.80;47.49195;4.15810;16364.1;0.82;11.9;-42.1;6;103.3;-0.24;0.00;10.44;-0.17;-0.18;0.10;30.5
13:18:35.80;47.49195;4.15810;16508.7;0.82;11.6;-41.9;6;101.1;-0.15;0.09;9.41;-0.25;0.16;0.44;30.5
13:19:11.60;47.48999;4.16110;16508.7;0.82;11.4;-42.6;6;98.8;-0.26;-0.17;9.44;-0.01;0.03;0.10;29.9
13:19:43.70;47.48899;4.16362;16798.1;0.82;11.1;-42.6;6;96.4;0.02;0.22;10.19;-0.51;0.09;0.14;17.5
13:20:51.50;47.48770;4.16983;17117.6;0.82;10.9;-42.0;5;94.0;-0.21;-0.01;9.94;-0.02;-0.04;0.61;19.1
13:20:51.50;47.48770;4.16983;17117.6;0.82;10.5;-42.0;5;89.8;-0.11;0.05;10.98;-0.17;0.12;0.59;19.1
13:21:49.50;47.48602;4.17494;17117.6;0.82;10.4;-40.8;5;87.6;-0.15;-0.00;10.69;0.16;0.16;-0.82;22.7
13:22:21.60;47.48455;4.17655;17559.6;0.82;10.1;-37.8;5;85.3;-0.33;-0.01;9.20;0.13;-0.04;0.03;20.3
13:22:57.30;47.48427;4.17606;17730.9;0.82;9.9;-37.5;5;83.2;-0.37;-0.41;10.30;0.07;0.07;0.02;4.3
13:23:33.0;47.48513;4.17557;17892.5;0.82;9.7;-38.9;5;81.4;-0.15;-0.20;8.44;0.05;0.07;0.22;4.3
13:24:05.20;47.48609;4.17588;18033.1;0.82;9.5;-39.5;5;79.4;-0.23;-0.10;10.61;0.04;-0.06;0.32;9.1
13:24:40.90;47.48590;4.17701;18205.6;0.82;9.3;-40.0;5;77.2;-0.12;-0.13;10.68;-0.05;0.11;0.02;11.1
13:25:16.60;47.48518;4.17708;18379.0;1.03;9.1;-39.7;5;75.3;-0.15;-0.17;8.74;-0.04;-0.13;-0.13;16.3
13:25:48.70;47.48467;4.17853;18538.0;1.03;8.8;-40.3;5;72.0;-0.07;-0.03;10.65;-0.01;0.06;-0.18;16.3
13:26:46.70;47.48432;4.18173;18822.4;1.04;8.7;-39.9;5;70.3;-0.27;-0.10;10.31;-0.09;-0.18;-0.66;5.4
13:27:18.80;47.48380;4.18174;18979.6;1.04;8.5;-38.4;5;68.5;0.00;0.19;9.84;0.10;0.03;0.10;7.1
13:27:54.50;47.48343;4.18032;19148.7;1.05;8.3;-38.2;5;66.7;-0.14;-0.22;10.03;0.14;0.11;0.56;11.6
13:27:54.50;47.48343;4.18032;19148.7;1.05;8.1;-37.0;5;65.2;-0.22;-0.05;10.69;-0.04;0.07;-0.48;11.6
13:29:34.50;47.48482;4.18139;19614.9;0.80;8.0;-36.5;5;63.6;-0.22;0.15;10.26;-0.23;0.11;-0.29;20.4
13:29:34.50;47.48482;4.18139;19614.9;0.80;7.8;-35.6;5;61.9;-0.40;-0.04;10.16;0.13;-0.10;0.92;20.4
13:30:10.30;47.48310;4.18156;19793.3;0.80;7.7;-37.0;5;60.3;-0.39;-0.04;9.78;0.11;-0.04;-0.27;24.0
13:31:40.30;47.48201;4.17810;20258.4;0.81;7.5;-34.0;4;57.6;-0.27;-0.05;8.83;-0.14;0.02;0.65;16.5
13:31:40.30;47.48201;4.17810;20258.4;0.81;7.3;-33.4;4;56.1;-0.05;0.00;8.70;-0.06;-0.22;0.21;16.5
13:32:16.10;47.48170;4.17769;20436.6;0.81;7.2;-32.0;4;54.7;-0.09;0.02;10.69;-0.25;0.30;-0.53;10.4
13:32:48.20;47.48114;4.17719;20590.1;0.81;7.1;-32.0;4;53.3;-0.08;0.10;9.58;-0.07;-0.00;0.53;17.4
13:33:24.0;47.48085;4.17564;20590.1;0.81;7.0;-32.6;4;52.0;-0.23;-0.01;10.67;-0.12;-0.14;0.19;8.0
13:34:31.80;47.48051;4.17327;20919.8;0.81;6.9;-31.2;4;50.6;-0.29;0.04;9.89;0.04;-0.08;0.39;9.3
13:34:31.80;47.48051;4.17327;21104.0;0.81;6.8;-29.9;4;49.1;-0.23;-0.01;10.05;-0.07;0.18;-0.21;9.3
13:35:07.60;47.47929;4.17294;21298.5;0.81;6.7;-29.7;4;47.7;-0.18;0.30;10.00;0.22;0.10;-0.01;18.9
13:35:39.70;47.47953;4.17094;21479.0;0.81;6.6;-29.0;4;45.6;-0.17;-0.01;9.88;-0.12;-0.05;0.06;31.6
13:36:37.70;47.47963;4.16752;21479.0;0.81;6.5;-28.2;4;44.5;-0.24;0.25;10.76;-0.08;-0.19;0.57;12.5
13:37:09.80;47.47953;4.16585;21931.1;0.81;6.5;-26.9;4;43.3;-0.38;0.10;10.49;-0.15;-0.21;-0.68;22.3
13:37:45.50;47.47853;4.16359;22103.2;0.81;6.4;-26.1;3;42.3;-0.26;0.07;9.38;0.00;-0.05;0.03;36.1
13:38:21.30;47.47833;4.16093;22278.8;0.81;6.4;-26.3;3;41.2;-0.08;-0.05;8.77;-0.15;0.09;0.72;25.9
13:39:29.10;47.47986;4.15417;22631.7;0.81;6.3;-27.2;4;40.1;-0.39;0.03;10.06;-0.09;-0.19;0.05;33.9
13:39:29.20;47.47986;4.15417;22631.7;0.81;6.3;-28.0;4;38.9;-0.21;0.10;10.20;-0.07;0.07;-0.38;12.0
13:40:04.90;47.48080;4.15088;22828.4;0.81;6.3;-29.4;4;37.9;-0.05;-0.16;9.24;0.03;0.07;0.09;40.1
13:40:37.10;47.48143;4.14802;23008.7;0.82;6.2;-32.8;4;36.2;-0.24;0.07;10.37;0.04;-0.08;-0.03;18.7
13:41:35.0;47.48229;4.14415;23327.4;0.92;6.2;-32.3;4;35.3;-0.13;-0.11;9.57;0.04;-0.04;0.01;18.7
13:42:42.90;47.48183;4.13958;23494.2;0.92;6.2;-32.4;4;34.3;-0.24;0.06;10.10;-0.17;0.45;0.27;21.0
13:42:42.90;47.48183;4.13958;23667.0;0.92;6.2;-30.6;4;33.5;-0.28;0.24;10.51;-0.17;-0.09;-0.06;21.0
13:43:18.70;47.48182;4.13535;23842.8;0.92;6.2;-31.9;4;32.7;-0.12;0.02;10.34;-0.10;-0.00;0.21;28.9
13:43:50.80;47.48198;4.13109;24012.0;0.92;6.1;-28.1;4;31.7;-0.19;-0.14;9.82;0.05;-0.21;-0.06;28.9
13:44:58.70;47.48148;4.12165;24207.6;0.92;6.1;-27.9;4;30.9;-0.32;-0.10;10.63;-0.25;0.04;-0.10;47.0
13:44:58.70;47.48148;4.12165;24391.5;0.92;6.2;-25.1;3;29.9;-0.19;-0.09;9.61;0.03;0.02;-0.01;47.0
13:45:34.50;47.48264;4.11541;24593.3;0.92;6.2;-23.8;3;29.2;-0.10;-0.01;9.73;-0.06;-0.01;-0.03;42.6
13:46:06.60;47.48404;4.11126;24759.8;0.92;6.2;-20.9;3;28.0;-0.29;-0.06;10.03;0.08;-0.06;-0.21;42.6
13:47:40.30;47.48518;4.10193;25042.4;0.92;6.3;-20.4;3;27.3;-0.18;0.03;10.22;-0.02;-0.17;0.02;30.9
13:47:40.30;47.48518;4.10193;25215.2;0.92;6.3;-21.3;3;26.5;-0.06;-0.06;8.85;0.03;0.00;0.19;30.9
13:48:48.20;47.48431;4.09373;25574.3;0.92;6.3;-22.4;3;25.9;-0.22;-0.02;10.34;0.10;-0.06;-0.08;42.9
13:48:48.30;47.48431;4.09372;25574.8;0.92;6.3;-21.2;3;25.1;-0.28;-0.02;9.41;0.03;0.04;-0.11;29.2
13:49:24.0;47.48399;4.08978;25784.6;0.92;6.3;-19.5;3;24.4;-0.11;0.09;9.51;0.05;0.15;-0.20;38.2
13:49:56.20;47.48346;4.08541;25975.6;0.92;6.4;-16.9;3;23.6;-0.18;0.07;10.38;0.04;0.12;0.28;38.9
13:50:31.90;47.48243;4.08087;26182.7;0.92;6.4;-16.9;3;23.1;-0.18;0.03;9.79;-0.03;-0.05;0.32;42.7
13:51:04.10;47.48207;4.07605;26356.0;0.92;6.5;-12.1;2;22.1;-0.31;-0.05;10.87;0.09;-0.29;-0.16;29.7
13:52:02.0;47.48114;4.06759;26654.3;0.92;6.6;-13.5;2;21.4;-0.17;0.04;10.28;0.07;0.07;-0.05;47.4
13:52:37.80;47.48189;4.06172;26848.3;0.92;6.7;-15.2;2;20.9;-0.21;0.01;10.54;-0.24;-0.05;-0.03;37.9
13:53:13.60;47.48252;4.05644;27047.4;0.91;6.8;-17.5;3;20.3;-0.29;0.08;10.66;0.00;0.12;0.18;39.7
13:53:45.70;47.48359;4.05280;27234.2;0.91;6.8;-13.9;2;19.7;-0.33;0.11;8.83;0.07;0.11;0.16;39.7
13:54:21.50;47.48416;4.04892;27449.1;0.91;6.9;-14.4;2;19.2;-0.17;0.06;10.41;0.11;-0.04;0.22;35.7
13:54:21.50;47.48416;4.04892;27449.1;0.91;7.1;-16.6;2;18.7;-0.17;0.01;9.02;-0.05;-0.13;0.04;35.7
13:55:29.40;47.48377;4.04189;27826.7;0.91;7.2;-16.7;2;18.4;-0.21;0.06;10.44;0.01;-0.03;0.02;18.0
13:56:01.60;47.48298;4.03835;27981.3;0.91;7.4;-15.8;2;17.7;-0.15;-0.04;9.00;-0.07;-0.10;-0.37;40.0
13:56:59.50;47.48054;4.03035;28244.3;0.91;7.5;-16.2;2;17.2;-0.24;0.12;10.76;0.13;0.12;-0.02;50.2
13:57:35.30;47.48005;4.02373;28422.1;0.91;7.6;-17.5;2;16.8;-0.16;0.03;9.81;-0.03;0.12;0.21;57.0
13:58:07.50;47.48037;4.01716;28606.2;0.91;7.8;-12.5;2;16.2;-0.23;0.15;10.94;-0.21;-0.03;-0.25;50.2
13:58:43.20;47.48125;4.01107;28826.0;0.91;7.9;-9.5;2;15.7;-0.19;0.02;10.27;-0.08;0.06;0.45;62.6
13:59:19.0;47.48244;4.00469;29051.9;0.91;8.1;-9.3;2;15.3;-0.23;0.08;10.58;-0.09;-0.10;-0.02;52.9
13:59:51.20;47.48433;4.00101;29051.9;0.91;8.2;-11.6;2;14.9;-0.24;0.06;9.85;0.04;0.05;-0.28;29.5
14:00:26.90;47.48560;3.99622;29446.6;0.91;8.3;-10.6;2;14.5;-0.18;0.10;10.42;-0.05;0.04;0.11;41.5
14:00:59.10;47.48646;3.99192;29615.2;0.91;8.6;-11.2;2;13.9;-0.06;-0.05;9.23;-0.05;-0.00;-0.06;31.8
14:01:57.0;47.48899;3.98427;29907.4;0.91;8.7;-12.9;2;13.7;-0.18;0.04;9.63;-0.10;0.08;0.14;31.8
14:02:29.20;47.48994;3.97860;30072.9;0.91;8.8;-15.4;2;13.3;-0.17;0.08;9.33;-0.04;0.02;-0.01;48.1
14:03:05.0;47.49046;3.97344;30273.3;0.91;8.9;-14.9;2;12.9;-0.14;-0.01;9.81;0.04;0.05;-0.06;44.8
14:03:40.80;47.49027;3.96750;30485.1;0.91;9.1;-14.2;2;12.6;-0.11;-0.07;9.15;-0.11;-0.02;-0.05;43.9
14:04:48.70;47.48854;3.95644;30893.8;0.91;9.1;-11.4;2;12.2;-0.19;-0.00;10.14;-0.07;-0.05;0.24;42.4
14:04:48.70;47.48854;3.95644;30893.8;0.91;9.3;-6.7;2;11.9;-0.26;0.00;10.13;-0.07;-0.20;-0.16;42.4
14:05:24.50;47.48743;3.94843;31087.7;0.91;9.4;-5.4;1;11.6;-0.18;0.07;9.92;0.12;-0.04;-0.16;69.8
14:06:54.60;47.48514;3.92588;30407.5;0.91;9.5;-4.2;1;12.9;-3.76;1.05;12.38;0.89;-0.63;-2.07;87.0
14:07:30.40;47.48571;3.92052;30407.5;0.91;9.7;-8.8;2;15.7;0.10;-1.14;9.97;0.83;0.22;0.18;53.0
14:07:30.40;47.48571;3.92052;28994.6;0.91;9.8;-11.9;2;18.6;1.04;-1.21;11.10;2.50;-0.26;-2.15;53.0
14:08:06.20;47.48527;3.91451;27747.6;0.91;9.9;-15.1;2;21.7;-3.16;-4.20;18.25;2.88;-0.47;-2.18;27.0
14:08:38.40;47.48579;3.91009;26719.2;0.91;10.1;-18.7;2;25.2;-3.47;-0.09;12.99;1.52;-2.12;1.73;50.2
14:09:46.30;47.48584;3.90180;24809.9;0.91;10.2;-20.8;3;28.6;-0.76;0.32;8.20;-0.57;1.09;-0.61;23.6
14:10:22.10;47.48637;3.89751;24809.9;0.91;10.2;-23.3;3;32.6;-1.86;0.62;8.40;0.40;0.29;-0.30;41.0
14:10:22.10;47.48637;3.89751;23927.4;0.91;10.2;-28.4;3;39.8;-0.31;-0.44;11.37;-0.46;-0.79;-0.37;41.0
14:11:20.10;47.48740;3.89254;22614.2;0.91;10.2;-32.1;3;44.2;1.03;-1.49;12.54;-0.36;0.44;0.70;10.0
14:11:52.30;47.48821;3.88994;21940.2;0.91;10.2;-33.2;4;49.4;0.12;-0.34;10.34;0.08;-0.48;-0.73;29.3
14:12:28.10;47.48809;3.88779;21216.3;0.91;10.1;-36.0;4;54.3;-1.15;0.62;10.75;0.31;-0.50;-0.40;19.5
14:13:00.30;47.48766;3.88651;20601.6;0.91;9.9;-38.5;4;60.1;-1.41;0.30;9.08;0.48;-0.15;-0.91;21.0
14:13:36.10;47.48729;3.88572;19945.8;0.91;9.7;-40.3;4;66.1;2.48;-0.76;9.07;0.37;0.19;-0.39;18.6
14:14:11.90;47.48605;3.88536;19336.4;0.91;9.6;-43.3;4;71.8;0.10;-0.60;9.36;-1.05;-0.42;1.52;12.1
14:14:44.10;47.48576;3.88507;18811.8;0.91;9.3;-43.5;4;78.4;-0.12;1.10;10.59;0.19;-0.73;-0.17;22.1
14:15:20.0;47.48507;3.88672;18254.6;0.91;9.1;-44.0;4;84.8;-1.05;-0.38;11.29;-0.13;0.02;-0.63;10.3
14:15:52.20;47.48574;3.88833;17757.8;0.91;8.6;-45.8;5;96.7;-0.95;1.69;9.78;0.10;-1.20;-0.80;10.3
14:16:50.30;47.48458;3.89192;16919.6;0.91;8.3;-46.0;5;103.4;0.10;-0.27;11.85;-0.58;0.82;0.04;32.9
14:17:22.50;47.48333;3.89454;16488.0;0.91;7.0;-46.6;5;138.7;-0.11;-0.09;8.96;0.22;-0.46;-1.01;38.9
14:21:36.80;47.46200;3.94551;13465.9;0.91;5.3;-51.9;5;173.1;-1.20;0.10;10.48;-0.11;0.26;0.52;94.0
14:22:02.10;47.45918;3.95244;13214.1;0.86;4.9;-52.1;6;183.1;-0.65;-0.23;10.11;-0.16;-0.44;-1.23;73.9
14:22:37.80;47.45580;3.96097;12862.0;0.86;4.4;-52.2;6;193.7;-0.79;0.26;10.64;0.47;-0.29;-0.89;78.4
14:23:13.60;47.45220;3.96923;12862.0;0.86;4.0;-52.8;7;203.3;-0.43;0.30;10.86;-0.06;0.03;-0.98;81.2
14:23:45.70;47.44858;3.97727;12207.7;0.85;3.5;-51.0;8;214.2;-1.47;0.27;11.70;0.55;-0.01;-1.13;88.9
14:24:21.40;47.44419;3.98546;11878.1;0.85;3.1;-49.8;8;224.4;-0.11;-0.54;10.41;0.10;-0.01;0.05;88.9
14:24:53.60;47.43946;3.99257;11579.4;0.85;2.6;-47.4;9;235.7;-0.58;0.66;9.89;0.55;-0.41;-0.71;75.8
14:25:29.30;47.43388;4.00092;11256.5;0.85;2.2;-44.7;11;246.3;-0.90;-0.49;10.44;0.16;-0.22;-1.27;101.6
14:26:01.50;47.42834;4.00789;10969.5;0.85;1.4;-42.7;13;265.3;0.48;0.11;9.80;0.16;0.09;-0.01;82.9
14:26:59.40;47.42007;4.02202;10477.1;0.85;0.9;-41.8;13;277.3;-1.71;-1.66;11.72;-0.02;-0.68;1.64;82.9
14:27:35.20;47.41628;4.03135;10177.0;0.85;0.6;-38.6;13;288.4;-0.76;0.11;10.18;-0.40;-0.00;0.05;73.3
14:28:07.30;47.41312;4.03981;9908.9;0.85;0.2;-36.2;12;300.8;0.58;-0.07;10.23;-0.53;0.04;0.67;75.0
14:28:43.10;47.40953;4.04813;9618.1;0.85;-0.2;-34.5;12;313.4;-0.63;0.36;9.74;0.06;0.16;-0.09;70.1
14:28:43.10;47.40953;4.04813;9618.1;0.85;-0.5;-32.2;13;324.6;-0.91;-0.20;10.19;-0.32;-0.30;-0.19;70.1
14:30:23.10;47.39748;4.07018;9085.3;0.85;-0.8;-29.8;13;336.4;-0.78;-0.71;10.22;-0.04;-0.25;-0.67;67.7
14:30:23.10;47.39748;4.07018;8837.6;0.85;-1.4;-24.7;14;356.6;-0.55;0.61;9.32;-0.31;-0.01;-0.78;67.7
14:31:21.10;47.39065;4.08101;8423.6;0.85;-1.6;-25.0;15;367.8;-0.69;-0.18;10.31;-0.35;0.05;0.73;66.8
14:31:21.10;47.39065;4.08101;8423.6;0.85;-1.8;-23.6;17;380.6;0.36;0.02;10.10;0.09;-0.05;0.33;66.8
14:33:01.10;47.37809;4.10095;7951.6;0.85;-1.9;-21.0;17;392.8;-0.51;-0.37;10.06;-0.17;-0.04;-0.69;70.2
14:33:01.10;47.37809;4.10095;7721.6;0.85;-2.0;-18.8;18;406.4;-0.99;0.00;10.58;-0.49;0.17;0.69;70.2
14:33:36.90;47.37391;4.10799;7469.8;0.85;-2.1;-16.9;21;418.6;-0.67;-0.35;10.45;-0.28;-0.35;-0.46;76.5
14:34:09.0;47.37026;4.11466;7253.3;0.84;-2.2;-15.2;22;431.2;0.06;0.32;10.38;0.44;-0.21;-0.81;82.4
14:34:41.20;47.36642;4.12136;7033.1;0.84;-2.2;-13.6;22;445.4;-1.04;0.01;10.11;-0.06;-0.10;-0.55;64.1
14:35:16.90;47.36205;4.12833;6788.6;0.84;-2.2;-13.0;21;458.2;-0.38;0.01;10.27;0.12;-0.34;0.07;64.1
14:35:49.10;47.35786;4.13384;6575.3;0.84;-2.0;-9.7;13;481.3;-0.53;-0.00;10.38;0.29;-0.16;-0.21;71.5
14:35:49.10;47.35786;4.13384;6575.3;0.84;-2.0;-8.9;13;494.1;-0.24;0.63;9.56;0.13;-0.03;-0.16;71.5
14:37:19.20;47.34927;4.15108;5999.6;0.84;-1.9;-7.6;16;506.8;-0.71;0.11;10.40;0.10;-0.09;0.40;69.5
14:37:19.20;47.34927;4.15108;5999.6;0.84;-1.7;-6.0;20;521.2;-0.37;0.07;10.18;-0.04;-0.29;-0.27;69.5
14:38:59.20;47.33824;4.17154;5584.7;0.84;-1.5;-4.3;20;535.0;-1.04;-0.17;10.62;-0.17;-0.30;0.94;77.5
14:38:59.20;47.33824;4.17154;5381.6;0.84;-1.3;-1.8;18;550.6;-0.48;-0.09;11.07;-0.26;-0.55;-1.05;77.5
14:40:07.10;47.32767;4.18099;5156.7;0.84;-1.1;0.1;18;564.5;-0.64;-0.17;10.22;0.00;0.17;0.84;70.7
14:40:07.10;47.32767;4.18099;4959.1;0.84;-0.8;1.1;15;589.9;-0.84;-0.17;10.62;0.44;-0.20;-0.21;70.7
14:41:05.10;47.31822;4.18905;4611.0;0.84;-0.5;2.4;16;604.0;-0.89;-0.25;10.52;0.26;-0.06;1.24;70.7
14:41:37.30;47.31353;4.19431;4421.1;0.84;-0.2;3.7;14;620.0;-0.68;0.11;10.34;0.10;-0.09;0.60;78.0
14:42:13.0;47.30801;4.20111;4210.4;0.84;0.0;5.3;16;634.8;-0.64;0.86;10.20;-0.31;-0.08;0.49;78.0
14:42:45.20;47.30334;4.20759;4020.0;0.84;0.4;6.7;16;651.1;-0.82;0.16;10.00;-0.05;-0.33;-0.32;72.8
14:43:21.0;47.29855;4.21298;4020.0;0.84;0.6;7.5;19;665.5;-0.37;0.32;9.68;-0.07;-0.09;-0.38;57.8
14:43:53.10;47.29490;4.21768;3636.2;0.83;1.0;8.0;15;681.6;-0.56;0.15;10.47;0.06;-0.19;0.24;57.7
14:44:28.80;47.29165;4.22246;3438.6;0.83;1.3;9.0;11;695.9;-0.42;-0.06;9.93;0.11;-0.12;-0.12;57.7
14:45:01.0;47.28875;4.22695;3438.6;0.83;1.7;10.6;12;712.3;-0.23;-0.27;9.99;0.02;-0.14;0.82;56.1
14:45:36.70;47.28614;4.23158;3075.9;0.83;2.3;13.4;4;739.6;-0.61;-0.14;10.64;-0.29;-0.16;0.88;49.4
14:46:34.70;47.28225;4.23854;2762.6;0.83;2.7;14.3;12;755.8;0.21;-0.41;10.40;-0.08;-0.15;0.66;48.9
14:47:06.80;47.27979;4.24365;2583.2;0.83;3.0;15.0;22;773.9;0.04;0.12;9.96;-0.19;0.10;0.14;48.9
14:47:42.60;47.27701;4.24841;2384.6;0.83;3.5;16.5;22;792.2;-0.89;-0.00;10.18;0.33;-0.15;-1.31;47.5
14:47:42.60;47.27701;4.24841;2384.6;0.83;3.9;15.5;33;808.3;-0.14;0.30;10.18;-0.09;0.18;0.48;47.5
14:48:50.50;47.27441;4.25359;2021.7;0.83;4.3;15.7;42;825.5;-0.78;-0.57;11.13;-0.03;-0.48;-0.52;10.2
14:49:22.70;47.27442;4.25475;1843.9;0.83;4.7;17.3;39;844.5;-1.05;-0.30;10.26;0.21;-0.13;1.03;13.9
14:49:58.40;47.27405;4.25522;1651.9;0.83;5.2;19.4;36;863.8;-0.79;-0.50;10.34;-0.46;-0.03;0.93;5.2
14:51:06.30;47.27328;4.25641;1459.6;0.83;5.6;20.9;35;882.0;-0.85;-0.01;10.00;-0.43;-0.11;-0.10;12.9
14:51:06.30;47.27328;4.25641;1280.5;0.83;6.0;22.2;33;901.5;0.51;-0.11;10.02;0.07;0.04;0.11;12.9
14:51:42.10;47.27251;4.25706;1091.6;0.83;6.4;24.1;31;918.9;-0.37;-0.32;11.27;0.01;-0.21;1.09;4.6
14:52:14.30;47.27182;4.25743;925.3;0.83;6.9;26.1;29;939.3;-0.38;0.34;9.45;0.06;-0.01;-0.42;10.4
14:52:46.50;47.27126;4.25703;733.1;0.83;7.4;27.8;27;961.5;-0.23;-0.42;10.11;0.17;-0.17;-0.45;11.1
14:53:22.20;47.27029;4.25734;528.6;0.83;7.9;32.3;24;965.5;-9.39;2.74;-1.26;-0.01;0.01;0.00;11.1
14:53:54.40;47.27007;4.25728;475.7;0.83;8.4;35.4;22;965.5;-9.39;2.41;-1.34;-0.01;0.00;0.00;0.2
14:54:30.20;47.27008;4.25736;475.7;0.83;8.8;36.6;19;965.5;-9.38;2.33;-1.33;-0.01;0.00;0.00;0.0
14:55:02.30;47.27008;4.25737;491.7;0.83;9.3;37.4;18;965.4;-9.41;2.18;-1.36;-0.01;0.01;0.00;0.1
14:55:38.10;47.27008;4.25739;493.4;0.83;9.9;38.3;17;965.4;-9.40;2.15;-1.36;-0.01;0.00;0.01;0.2
14:56:21.30;47.27008;4.25740;494.2;0.83;10.3;38.3;17;965.4;-9.44;2.04;-1.40;-0.01;0.01;0.00;0.1
14:56:53.50;47.27008;4.25740;494.4;0.93;10.8;39.7;16;965.4;-9.45;2.03;-1.42;-0.01;0.01;0.00;0.2
14:57:29.20;47.27007;4.25740;493.4;0.93;11.3;40.2;17;965.4;-9.50;2.03;-1.40;-0.01;0.00;0.02;0.1
14:58:01.40;47.27007;4.25740;492.7;0.93;11.8;40.3;17;965.4;-9.40;2.04;-1.39;-0.01;0.01;0.00;0.1
14:58:37.20;47.27007;4.25741;492.7;0.93;12.2;39.8;17;965.2;-9.42;2.03;-1.43;-0.01;0.01;-0.01;0.0
14:59:12.90;47.27007;4.25741;490.6;0.93;12.7;39.5;16;965.2;-9.45;1.96;-1.43;-0.01;0.01;0.00;0.1
14:59:45.10;47.27007;4.25741;490.2;0.93;13.1;40.5;16;965.2;-9.47;1.95;-1.42;-0.01;0.01;0.01;0.1
15:00:20.80;47.27007;4.25741;489.4;0.93;13.5;40.7;14;965.2;-9.47;1.94;-1.49;-0.01;0.01;0.01;0.1
15:00:53.0;47.27006;4.25741;489.7;0.92;14.0;41.4;16;965.3;-9.48;1.89;-1.49;-0.01;0.01;0.01;0.2
15:01:36.30;47.27006;4.25741;489.7;0.92;14.4;41.5;15;965.3;-9.45;1.92;-1.47;-0.01;0.01;0.01;0.1
15:02:08.50;47.27007;4.25741;490.3;0.92;14.8;42.1;14;965.3;-9.47;1.91;-1.46;-0.01;0.01;0.00;0.0
15:03:20.0;47.27007;4.25741;489.9;0.92;15.2;43.3;14;965.3;-9.46;1.88;-1.48;-0.01;0.01;0.00;0.1
15:03:20.0;47.27007;4.25741;489.8;0.92;15.6;44.0;14;965.2;-9.45;1.87;-1.52;-0.01;0.01;0.00;0.1
15:03:55.80;47.27007;4.25741;489.7;0.92;15.9;43.5;13;965.2;-9.46;1.86;-1.52;-0.01;0.01;0.00;0.2
15:04:28.0;47.27007;4.25741;489.6;0.92;16.2;43.3;13;965.3;-9.47;1.82;-1.54;-0.01;0.01;0.00;0.1
15:05:00.10;47.27007;4.25741;489.7;1.09;16.6;43.6;12;965.1;-9.48;1.81;-1.56;-0.01;0.01;0.01;0.1
15:06:19.40;47.27007;4.25741;490.0;0.92;17.0;43.8;12;965.3;-9.47;1.79;-1.56;-0.01;0.01;0.00;0.2
15:06:19.50;47.27007;4.25741;490.0;0.92;17.3;44.4;13;965.2;-9.48;1.80;-1.57;-0.01;0.01;0.00;0.1
15:06:55.20;47.27007;4.25741;488.9;1.09;17.6;44.6;13;965.3;-9.47;1.76;-1.58;-0.01;0.01;0.01;0.1
15:07:27.40;47.27007;4.25741;489.1;1.09;17.9;43.3;14;965.2;-9.46;1.79;-1.56;-0.01;0.01;0.01;0.1
15:07:59.60;47.27006;4.25741;489.0;1.08;18.2;41.8;15;965.2;-9.45;1.79;-1.57;-0.01;0.01;0.00;0.0
15:08:35.40;47.27006;4.25741;489.2;1.08;18.5;41.1;15;965.3;-9.41;1.81;-1.58;-0.01;0.01;0.01;0.0
15:09:07.50;47.27006;4.25741;488.9;1.08;18.8;41.3;14;965.2;-9.48;1.77;-1.59;-0.01;0.01;0.00;0.1
15:09:43.30;47.27006;4.25741;488.9;1.08;19.1;41.0;16;965.2;-9.50;1.76;-1.62;-0.01;0.01;0.00;0.3
15:10:19.10;47.27006;4.25741;489.2;1.08;19.4;41.7;15;965.2;-9.50;1.74;-1.60;-0.01;0.01;0.00;0.2
15:10:51.30;47.27006;4.25741;488.5;1.07;19.7;41.1;16;965.1;-9.46;1.75;-1.61;-0.01;0.01;0.01;0.2
15:11:34.60;47.27006;4.25741;489.2;1.07;19.9;41.0;16;965.0;-9.48;1.75;-1.63;-0.01;0.01;0.00;0.0
15:12:06.80;47.27006;4.25741;489.2;1.07;20.2;41.6;15;965.0;-9.47;1.73;-1.63;-0.01;0.01;0.00;0.1
15:12:42.60;47.27006;4.25741;489.0;1.07;20.5;42.6;15;965.1;-9.47;1.73;-1.63;-0.01;0.01;0.00;0.1
15:13:50.50;47.27006;4.25741;489.7;1.06;20.7;43.2;16;965.1;-9.48;1.73;-1.62;-0.01;0.01;0.00;0.1
15:13:50.60;47.27006;4.25741;489.7;1.06;21.0;44.2;15;965.1;-9.48;1.70;-1.66;-0.01;0.01;0.00;0.1
15:14:26.30;47.27006;4.25741;489.5;1.06;21.2;45.0;15;965.0;-9.48;1.70;-1.66;-0.01;0.01;0.00;0.1
15:14:58.50;47.27006;4.25741;489.3;1.06;21.5;45.4;12;965.1;-9.49;1.70;-1.65;-0.01;0.01;0.00;0.1
15:15:34.30;47.27006;4.25741;489.5;1.06;21.7;45.7;12;965.1;-9.48;1.69;-1.70;-0.01;0.01;0.00;0.0
15:16:49.80;47.27005;4.25741;490.2;1.06;22.0;45.5;14;965.0;-9.50;1.66;-1.69;-0.02;0.01;0.00;0.2
15:16:49.80;47.27005;4.25741;489.6;1.05;22.3;44.4;14;965.0;-9.49;1.68;-1.69;-0.01;0.01;0.00;0.2
15:17:25.60;47.27005;4.25741;489.5;1.05;22.5;43.4;14;965.0;-9.49;1.68;-1.69;-0.01;0.01;0.01;0.1
15:17:57.80;47.27005;4.25741;489.4;1.05;22.7;42.1;14;965.0;-9.48;1.66;-1.69;-0.01;0.01;0.00;0.0
15:18:33.60;47.27005;4.25740;490.0;1.05;22.9;41.5;14;965.0;-9.47;1.67;-1.71;-0.02;0.01;0.00;0.1
15:19:05.80;47.27005;4.25741;489.3;1.05;23.1;40.5;15;965.1;-9.47;1.68;-1.71;-0.02;0.01;0.01;0.2
15:20:17.30;47.27005;4.25740;490.1;0.91;23.4;40.0;15;965.1;-9.49;1.67;-1.72;-0.02;0.01;0.01;0.2
15:21:00.70;47.27006;4.25740;489.9;0.91;23.6;40.4;15;965.0;-9.47;1.63;-1.72;-0.02;0.01;0.01;0.1
15:21:00.80;47.27006;4.25740;489.9;0.91;23.9;39.3;16;965.0;0.38;0.12;9.36;0.26;-0.15;-0.26;0.3
15:22:08.70;47.27007;4.25736;490.6;0.91;24.1;38.0;18;964.8;-0.18;-1.69;10.07;0.31;0.79;-1.42;0.5
15:22:08.70;47.27007;4.25736;492.1;0.84;24.5;36.5;22;964.8;-1.12;0.81;9.50;-0.01;0.01;0.00;0.5
15:22:44.60;47.27006;4.25736;492.1;0.84;24.7;36.3;19;964.9;0.30;-1.74;9.67;-0.95;-0.16;0.05;0.3
15:23:16.80;47.26998;4.25740;493.4;0.84;25.0;39.4;16;964.8;-0.61;-1.62;8.49;0.32;-0.40;-0.44;3.2
15:23:49.0;47.26970;4.25750;494.4;0.84;25.2;41.3;14;964.5;-1.46;-2.13;10.60;0.14;-0.05;-0.85;4.0
15:24:24.80;47.26936;4.25766;496.0;0.84;25.4;42.5;12;964.5;-0.22;-1.32;11.20;-0.57;0.50;1.45;4.4
15:24:57.0;47.26904;4.25753;496.0;0.84;25.7;40.6;14;964.5;-1.42;0.18;12.15;-0.33;-0.33;0.24;5.1
15:25:32.80;47.26878;4.25737;496.4;0.92;26.0;38.4;18;964.5;-1.14;-0.56;9.49;-0.02;0.01;0.00;0.1
15:26:48.30;47.26863;4.25790;495.1;0.98;26.4;35.8;18;964.6;-0.11;-0.01;11.22;-0.19;0.05;0.20;4.8
15:26:48.40;47.26863;4.25790;495.1;0.98;26.7;36.8;18;964.7;-1.21;-0.04;6.97;-0.13;0.01;-0.47;4.3
15:27:24.20;47.26852;4.25849;494.9;1.03;26.9;34.8;19;964.8;-2.43;0.34;7.61;0.35;-0.35;-1.28;4.5
15:27:56.40;47.26844;4.25901;494.6;0.91;27.2;34.9;21;965.0;0.04;-0.05;0.11;0.73;-0.48;-0.61;3.4
15:28:32.20;47.26833;4.25961;493.3;0.84;27.4;33.7;21;964.9;-6.83;0.84;6.90;0.60;-0.72;-0.73;4.1
15:29:04.40;47.26833;4.26006;493.5;0.91;27.7;32.7;23;965.0;-2.09;3.70;7.77;0.05;-0.05;-0.02;3.3
15:29:40.20;47.26833;4.26005;493.4;0.84;28.1;31.8;24;965.0;1.30;6.57;6.44;-0.74;-0.55;-0.10;0.4
